"","0,"Janet Hughes""["ALG2-H", "PHY-AP1", "WORLD-AP", "10LIT-H"][0], ["ALG2-H", "PHY-AP1", "WORLD-AP", "10LIT-H"][1], ["ALG2-H", "PHY-AP1", "WORLD-AP", "10LIT-H"][2], ["ALG2-H", "PHY-AP1", "WORLD-AP", "10LIT-H"][3]
"","1,"Angela Gray""["ALG2-OL", "PHY-OL", "WORLD-AP", "10LIT-H"][0], ["ALG2-OL", "PHY-OL", "WORLD-AP", "10LIT-H"][1], ["ALG2-OL", "PHY-OL", "WORLD-AP", "10LIT-H"][2], ["ALG2-OL", "PHY-OL", "WORLD-AP", "10LIT-H"][3]
"","2,"Brandon Walker""["ALG2-OL", "PHY-AP1", "WORLD-OL", "10LIT-H"][0], ["ALG2-OL", "PHY-AP1", "WORLD-OL", "10LIT-H"][1], ["ALG2-OL", "PHY-AP1", "WORLD-OL", "10LIT-H"][2], ["ALG2-OL", "PHY-AP1", "WORLD-OL", "10LIT-H"][3]
"","3,"Michael Alvarez""["ALG2-H", "PHY-AP1", "WORLD-OL", "10LIT-H"][0], ["ALG2-H", "PHY-AP1", "WORLD-OL", "10LIT-H"][1], ["ALG2-H", "PHY-AP1", "WORLD-OL", "10LIT-H"][2], ["ALG2-H", "PHY-AP1", "WORLD-OL", "10LIT-H"][3]
"","4,"Raymond Thomas""["ALG2-OL", "PHY-OL", "WORLD-AP", "10LIT-H"][0], ["ALG2-OL", "PHY-OL", "WORLD-AP", "10LIT-H"][1], ["ALG2-OL", "PHY-OL", "WORLD-AP", "10LIT-H"][2], ["ALG2-OL", "PHY-OL", "WORLD-AP", "10LIT-H"][3]
"","5,"Carolyn Kelly""["ALG2-H", "PHY-OL", "WORLD-OL", "10LIT-H"][0], ["ALG2-H", "PHY-OL", "WORLD-OL", "10LIT-H"][1], ["ALG2-H", "PHY-OL", "WORLD-OL", "10LIT-H"][2], ["ALG2-H", "PHY-OL", "WORLD-OL", "10LIT-H"][3]
"","6,"Nicholas Roberts""["ALG2-OL", "PHY-AP1", "WORLD-AP", "10LIT-H"][0], ["ALG2-OL", "PHY-AP1", "WORLD-AP", "10LIT-H"][1], ["ALG2-OL", "PHY-AP1", "WORLD-AP", "10LIT-H"][2], ["ALG2-OL", "PHY-AP1", "WORLD-AP", "10LIT-H"][3]
"","7,"Laura Evans""["ALG2-H", "PHY-AP1", "WORLD-AP", "10LIT-OL"][0], ["ALG2-H", "PHY-AP1", "WORLD-AP", "10LIT-OL"][1], ["ALG2-H", "PHY-AP1", "WORLD-AP", "10LIT-OL"][2], ["ALG2-H", "PHY-AP1", "WORLD-AP", "10LIT-OL"][3]
"","8,"Anna Lewis""["ALG2-H", "PHY-OL", "WORLD-AP", "10LIT-OL"][0], ["ALG2-H", "PHY-OL", "WORLD-AP", "10LIT-OL"][1], ["ALG2-H", "PHY-OL", "WORLD-AP", "10LIT-OL"][2], ["ALG2-H", "PHY-OL", "WORLD-AP", "10LIT-OL"][3]
"","9,"Lisa Turner""["ALG2-H", "PHY-OL", "WORLD-OL", "10LIT-H"][0], ["ALG2-H", "PHY-OL", "WORLD-OL", "10LIT-H"][1], ["ALG2-H", "PHY-OL", "WORLD-OL", "10LIT-H"][2], ["ALG2-H", "PHY-OL", "WORLD-OL", "10LIT-H"][3]
"","10,"Lisa Howard""["ALG2-H", "PHY-OL", "WORLD-AP", "10LIT-H"][0], ["ALG2-H", "PHY-OL", "WORLD-AP", "10LIT-H"][1], ["ALG2-H", "PHY-OL", "WORLD-AP", "10LIT-H"][2], ["ALG2-H", "PHY-OL", "WORLD-AP", "10LIT-H"][3]
"","11,"Linda Roberts""["ALG2-OL", "PHY-OL", "WORLD-OL", "10LIT-OL"][0], ["ALG2-OL", "PHY-OL", "WORLD-OL", "10LIT-OL"][1], ["ALG2-OL", "PHY-OL", "WORLD-OL", "10LIT-OL"][2], ["ALG2-OL", "PHY-OL", "WORLD-OL", "10LIT-OL"][3]
"","12,"Emma Morgan""["ALG2-OL", "PHY-OL", "WORLD-AP", "10LIT-H"][0], ["ALG2-OL", "PHY-OL", "WORLD-AP", "10LIT-H"][1], ["ALG2-OL", "PHY-OL", "WORLD-AP", "10LIT-H"][2], ["ALG2-OL", "PHY-OL", "WORLD-AP", "10LIT-H"][3]
"","13,"Mark Cruz""["ALG2-OL", "PHY-OL", "WORLD-AP", "10LIT-OL"][0], ["ALG2-OL", "PHY-OL", "WORLD-AP", "10LIT-OL"][1], ["ALG2-OL", "PHY-OL", "WORLD-AP", "10LIT-OL"][2], ["ALG2-OL", "PHY-OL", "WORLD-AP", "10LIT-OL"][3]
"","14,"Kevin Ruiz""["ALG2-H", "PHY-AP1", "WORLD-OL", "10LIT-H"][0], ["ALG2-H", "PHY-AP1", "WORLD-OL", "10LIT-H"][1], ["ALG2-H", "PHY-AP1", "WORLD-OL", "10LIT-H"][2], ["ALG2-H", "PHY-AP1", "WORLD-OL", "10LIT-H"][3]
"","15,"Jeffrey Cruz""["ALG2-H", "PHY-AP1", "WORLD-AP", "10LIT-OL"][0], ["ALG2-H", "PHY-AP1", "WORLD-AP", "10LIT-OL"][1], ["ALG2-H", "PHY-AP1", "WORLD-AP", "10LIT-OL"][2], ["ALG2-H", "PHY-AP1", "WORLD-AP", "10LIT-OL"][3]
"","16,"Kevin Wright""["ALG2-H", "PHY-AP1", "WORLD-AP", "10LIT-OL"][0], ["ALG2-H", "PHY-AP1", "WORLD-AP", "10LIT-OL"][1], ["ALG2-H", "PHY-AP1", "WORLD-AP", "10LIT-OL"][2], ["ALG2-H", "PHY-AP1", "WORLD-AP", "10LIT-OL"][3]
"","17,"Brian Long""["ALG2-H", "PHY-OL", "WORLD-AP", "10LIT-OL"][0], ["ALG2-H", "PHY-OL", "WORLD-AP", "10LIT-OL"][1], ["ALG2-H", "PHY-OL", "WORLD-AP", "10LIT-OL"][2], ["ALG2-H", "PHY-OL", "WORLD-AP", "10LIT-OL"][3]
"","18,"Timothy Ward""["ALG2-OL", "PHY-OL", "WORLD-AP", "10LIT-H"][0], ["ALG2-OL", "PHY-OL", "WORLD-AP", "10LIT-H"][1], ["ALG2-OL", "PHY-OL", "WORLD-AP", "10LIT-H"][2], ["ALG2-OL", "PHY-OL", "WORLD-AP", "10LIT-H"][3]
"","19,"Angela Hill""["ALG2-H", "PHY-OL", "WORLD-AP", "10LIT-H"][0], ["ALG2-H", "PHY-OL", "WORLD-AP", "10LIT-H"][1], ["ALG2-H", "PHY-OL", "WORLD-AP", "10LIT-H"][2], ["ALG2-H", "PHY-OL", "WORLD-AP", "10LIT-H"][3]
"","20,"Emily Smith""["ALG2-H", "PHY-OL", "WORLD-AP", "10LIT-H"][0], ["ALG2-H", "PHY-OL", "WORLD-AP", "10LIT-H"][1], ["ALG2-H", "PHY-OL", "WORLD-AP", "10LIT-H"][2], ["ALG2-H", "PHY-OL", "WORLD-AP", "10LIT-H"][3]
"","21,"Nicholas Wilson""["ALG2-H", "PHY-OL", "WORLD-AP", "10LIT-OL"][0], ["ALG2-H", "PHY-OL", "WORLD-AP", "10LIT-OL"][1], ["ALG2-H", "PHY-OL", "WORLD-AP", "10LIT-OL"][2], ["ALG2-H", "PHY-OL", "WORLD-AP", "10LIT-OL"][3]
"","22,"Carolyn Cook""["ALG2-H", "PHY-AP1", "WORLD-OL", "10LIT-H"][0], ["ALG2-H", "PHY-AP1", "WORLD-OL", "10LIT-H"][1], ["ALG2-H", "PHY-AP1", "WORLD-OL", "10LIT-H"][2], ["ALG2-H", "PHY-AP1", "WORLD-OL", "10LIT-H"][3]
"","23,"Virginia Ward""["ALG2-H", "PHY-AP1", "WORLD-AP", "10LIT-OL"][0], ["ALG2-H", "PHY-AP1", "WORLD-AP", "10LIT-OL"][1], ["ALG2-H", "PHY-AP1", "WORLD-AP", "10LIT-OL"][2], ["ALG2-H", "PHY-AP1", "WORLD-AP", "10LIT-OL"][3]
"","24,"Ryan Adams""["ALG2-OL", "PHY-OL", "WORLD-OL", "10LIT-OL"][0], ["ALG2-OL", "PHY-OL", "WORLD-OL", "10LIT-OL"][1], ["ALG2-OL", "PHY-OL", "WORLD-OL", "10LIT-OL"][2], ["ALG2-OL", "PHY-OL", "WORLD-OL", "10LIT-OL"][3]
"","25,"Pamela Garcia""["ALG2-OL", "PHY-OL", "WORLD-AP", "10LIT-H"][0], ["ALG2-OL", "PHY-OL", "WORLD-AP", "10LIT-H"][1], ["ALG2-OL", "PHY-OL", "WORLD-AP", "10LIT-H"][2], ["ALG2-OL", "PHY-OL", "WORLD-AP", "10LIT-H"][3]
"","26,"Kimberly Turner""["ALG2-OL", "PHY-AP1", "WORLD-AP", "10LIT-OL"][0], ["ALG2-OL", "PHY-AP1", "WORLD-AP", "10LIT-OL"][1], ["ALG2-OL", "PHY-AP1", "WORLD-AP", "10LIT-OL"][2], ["ALG2-OL", "PHY-AP1", "WORLD-AP", "10LIT-OL"][3]
"","27,"Helen King""["ALG2-OL", "PHY-OL", "WORLD-AP", "10LIT-H"][0], ["ALG2-OL", "PHY-OL", "WORLD-AP", "10LIT-H"][1], ["ALG2-OL", "PHY-OL", "WORLD-AP", "10LIT-H"][2], ["ALG2-OL", "PHY-OL", "WORLD-AP", "10LIT-H"][3]
"","28,"Daniel Diaz""["ALG2-OL", "PHY-OL", "WORLD-OL", "10LIT-H"][0], ["ALG2-OL", "PHY-OL", "WORLD-OL", "10LIT-H"][1], ["ALG2-OL", "PHY-OL", "WORLD-OL", "10LIT-H"][2], ["ALG2-OL", "PHY-OL", "WORLD-OL", "10LIT-H"][3]
"","29,"Katherine Hall""["ALG2-H", "PHY-OL", "WORLD-AP", "10LIT-H"][0], ["ALG2-H", "PHY-OL", "WORLD-AP", "10LIT-H"][1], ["ALG2-H", "PHY-OL", "WORLD-AP", "10LIT-H"][2], ["ALG2-H", "PHY-OL", "WORLD-AP", "10LIT-H"][3]
"","30,"Laura Smith""["ALG2-OL", "PHY-OL", "WORLD-OL", "10LIT-H"][0], ["ALG2-OL", "PHY-OL", "WORLD-OL", "10LIT-H"][1], ["ALG2-OL", "PHY-OL", "WORLD-OL", "10LIT-H"][2], ["ALG2-OL", "PHY-OL", "WORLD-OL", "10LIT-H"][3]
"","31,"Justin Castillo""["ALG2-OL", "PHY-AP1", "WORLD-OL", "10LIT-OL"][0], ["ALG2-OL", "PHY-AP1", "WORLD-OL", "10LIT-OL"][1], ["ALG2-OL", "PHY-AP1", "WORLD-OL", "10LIT-OL"][2], ["ALG2-OL", "PHY-AP1", "WORLD-OL", "10LIT-OL"][3]
"","32,"Samantha Wood""["ALG2-OL", "PHY-AP1", "WORLD-OL", "10LIT-H"][0], ["ALG2-OL", "PHY-AP1", "WORLD-OL", "10LIT-H"][1], ["ALG2-OL", "PHY-AP1", "WORLD-OL", "10LIT-H"][2], ["ALG2-OL", "PHY-AP1", "WORLD-OL", "10LIT-H"][3]
"","33,"Rachel Harris""["ALG2-OL", "PHY-AP1", "WORLD-OL", "10LIT-H"][0], ["ALG2-OL", "PHY-AP1", "WORLD-OL", "10LIT-H"][1], ["ALG2-OL", "PHY-AP1", "WORLD-OL", "10LIT-H"][2], ["ALG2-OL", "PHY-AP1", "WORLD-OL", "10LIT-H"][3]
"","34,"Jonathan Jones""["ALG2-H", "PHY-OL", "WORLD-OL", "10LIT-H"][0], ["ALG2-H", "PHY-OL", "WORLD-OL", "10LIT-H"][1], ["ALG2-H", "PHY-OL", "WORLD-OL", "10LIT-H"][2], ["ALG2-H", "PHY-OL", "WORLD-OL", "10LIT-H"][3]
"","35,"Daniel Martin""["ALG2-OL", "PHY-OL", "WORLD-OL", "10LIT-H"][0], ["ALG2-OL", "PHY-OL", "WORLD-OL", "10LIT-H"][1], ["ALG2-OL", "PHY-OL", "WORLD-OL", "10LIT-H"][2], ["ALG2-OL", "PHY-OL", "WORLD-OL", "10LIT-H"][3]
"","36,"Rebecca Perez""["ALG2-OL", "PHY-OL", "WORLD-AP", "10LIT-H"][0], ["ALG2-OL", "PHY-OL", "WORLD-AP", "10LIT-H"][1], ["ALG2-OL", "PHY-OL", "WORLD-AP", "10LIT-H"][2], ["ALG2-OL", "PHY-OL", "WORLD-AP", "10LIT-H"][3]
"","37,"Rebecca Reyes""["ALG2-H", "PHY-AP1", "WORLD-OL", "10LIT-H"][0], ["ALG2-H", "PHY-AP1", "WORLD-OL", "10LIT-H"][1], ["ALG2-H", "PHY-AP1", "WORLD-OL", "10LIT-H"][2], ["ALG2-H", "PHY-AP1", "WORLD-OL", "10LIT-H"][3]
"","38,"Nancy Gray""["ALG2-H", "PHY-OL", "WORLD-OL", "10LIT-OL"][0], ["ALG2-H", "PHY-OL", "WORLD-OL", "10LIT-OL"][1], ["ALG2-H", "PHY-OL", "WORLD-OL", "10LIT-OL"][2], ["ALG2-H", "PHY-OL", "WORLD-OL", "10LIT-OL"][3]
"","39,"Melissa Ross""["ALG2-OL", "PHY-OL", "WORLD-AP", "10LIT-H"][0], ["ALG2-OL", "PHY-OL", "WORLD-AP", "10LIT-H"][1], ["ALG2-OL", "PHY-OL", "WORLD-AP", "10LIT-H"][2], ["ALG2-OL", "PHY-OL", "WORLD-AP", "10LIT-H"][3]
"","40,"Justin Torres""["ALG2-H", "PHY-OL", "WORLD-AP", "10LIT-H"][0], ["ALG2-H", "PHY-OL", "WORLD-AP", "10LIT-H"][1], ["ALG2-H", "PHY-OL", "WORLD-AP", "10LIT-H"][2], ["ALG2-H", "PHY-OL", "WORLD-AP", "10LIT-H"][3]
"","41,"Jessica Patel""["ALG2-OL", "PHY-OL", "WORLD-AP", "10LIT-H"][0], ["ALG2-OL", "PHY-OL", "WORLD-AP", "10LIT-H"][1], ["ALG2-OL", "PHY-OL", "WORLD-AP", "10LIT-H"][2], ["ALG2-OL", "PHY-OL", "WORLD-AP", "10LIT-H"][3]
"","42,"Susan Stewart""["ALG2-OL", "PHY-AP1", "WORLD-OL", "10LIT-H"][0], ["ALG2-OL", "PHY-AP1", "WORLD-OL", "10LIT-H"][1], ["ALG2-OL", "PHY-AP1", "WORLD-OL", "10LIT-H"][2], ["ALG2-OL", "PHY-AP1", "WORLD-OL", "10LIT-H"][3]
"","43,"Patricia Richardson""["ALG2-OL", "PHY-OL", "WORLD-AP", "10LIT-H"][0], ["ALG2-OL", "PHY-OL", "WORLD-AP", "10LIT-H"][1], ["ALG2-OL", "PHY-OL", "WORLD-AP", "10LIT-H"][2], ["ALG2-OL", "PHY-OL", "WORLD-AP", "10LIT-H"][3]
"","44,"Maria Davis""["ALG2-H", "PHY-AP1", "WORLD-OL", "10LIT-H"][0], ["ALG2-H", "PHY-AP1", "WORLD-OL", "10LIT-H"][1], ["ALG2-H", "PHY-AP1", "WORLD-OL", "10LIT-H"][2], ["ALG2-H", "PHY-AP1", "WORLD-OL", "10LIT-H"][3]
"","45,"Joshua Hill""["ALG2-H", "PHY-AP1", "WORLD-AP", "10LIT-OL"][0], ["ALG2-H", "PHY-AP1", "WORLD-AP", "10LIT-OL"][1], ["ALG2-H", "PHY-AP1", "WORLD-AP", "10LIT-OL"][2], ["ALG2-H", "PHY-AP1", "WORLD-AP", "10LIT-OL"][3]
"","46,"Brandon Edwards""["ALG2-OL", "PHY-AP1", "WORLD-AP", "10LIT-H"][0], ["ALG2-OL", "PHY-AP1", "WORLD-AP", "10LIT-H"][1], ["ALG2-OL", "PHY-AP1", "WORLD-AP", "10LIT-H"][2], ["ALG2-OL", "PHY-AP1", "WORLD-AP", "10LIT-H"][3]
"","47,"Larry Rodriguez""["ALG2-OL", "PHY-OL", "WORLD-AP", "10LIT-OL"][0], ["ALG2-OL", "PHY-OL", "WORLD-AP", "10LIT-OL"][1], ["ALG2-OL", "PHY-OL", "WORLD-AP", "10LIT-OL"][2], ["ALG2-OL", "PHY-OL", "WORLD-AP", "10LIT-OL"][3]
"","48,"Sharon Rogers""["ALG2-H", "PHY-AP1", "WORLD-AP", "10LIT-OL"][0], ["ALG2-H", "PHY-AP1", "WORLD-AP", "10LIT-OL"][1], ["ALG2-H", "PHY-AP1", "WORLD-AP", "10LIT-OL"][2], ["ALG2-H", "PHY-AP1", "WORLD-AP", "10LIT-OL"][3]
"","49,"Jessica Wright""["ALG2-H", "PHY-OL", "WORLD-AP", "10LIT-H"][0], ["ALG2-H", "PHY-OL", "WORLD-AP", "10LIT-H"][1], ["ALG2-H", "PHY-OL", "WORLD-AP", "10LIT-H"][2], ["ALG2-H", "PHY-OL", "WORLD-AP", "10LIT-H"][3]
"","50,"Jeffrey Roberts""["ALG2-OL", "PHY-AP1", "WORLD-OL", "10LIT-H"][0], ["ALG2-OL", "PHY-AP1", "WORLD-OL", "10LIT-H"][1], ["ALG2-OL", "PHY-AP1", "WORLD-OL", "10LIT-H"][2], ["ALG2-OL", "PHY-AP1", "WORLD-OL", "10LIT-H"][3]
"","51,"Mark Evans""["ALG2-OL", "PHY-AP1", "WORLD-OL", "10LIT-H"][0], ["ALG2-OL", "PHY-AP1", "WORLD-OL", "10LIT-H"][1], ["ALG2-OL", "PHY-AP1", "WORLD-OL", "10LIT-H"][2], ["ALG2-OL", "PHY-AP1", "WORLD-OL", "10LIT-H"][3]
"","52,"Karen Martin""["ALG2-H", "PHY-AP1", "WORLD-OL", "10LIT-H"][0], ["ALG2-H", "PHY-AP1", "WORLD-OL", "10LIT-H"][1], ["ALG2-H", "PHY-AP1", "WORLD-OL", "10LIT-H"][2], ["ALG2-H", "PHY-AP1", "WORLD-OL", "10LIT-H"][3]
"","53,"Edward King""["ALG2-H", "PHY-AP1", "WORLD-OL", "10LIT-OL"][0], ["ALG2-H", "PHY-AP1", "WORLD-OL", "10LIT-OL"][1], ["ALG2-H", "PHY-AP1", "WORLD-OL", "10LIT-OL"][2], ["ALG2-H", "PHY-AP1", "WORLD-OL", "10LIT-OL"][3]
"","54,"Jerry Reed""["ALG2-H", "PHY-OL", "WORLD-AP", "10LIT-OL"][0], ["ALG2-H", "PHY-OL", "WORLD-AP", "10LIT-OL"][1], ["ALG2-H", "PHY-OL", "WORLD-AP", "10LIT-OL"][2], ["ALG2-H", "PHY-OL", "WORLD-AP", "10LIT-OL"][3]
"","55,"Charles Anderson""["ALG2-OL", "PHY-AP1", "WORLD-AP", "10LIT-OL"][0], ["ALG2-OL", "PHY-AP1", "WORLD-AP", "10LIT-OL"][1], ["ALG2-OL", "PHY-AP1", "WORLD-AP", "10LIT-OL"][2], ["ALG2-OL", "PHY-AP1", "WORLD-AP", "10LIT-OL"][3]
"","56,"Mark Cruz""["ALG2-OL", "PHY-OL", "WORLD-OL", "10LIT-OL"][0], ["ALG2-OL", "PHY-OL", "WORLD-OL", "10LIT-OL"][1], ["ALG2-OL", "PHY-OL", "WORLD-OL", "10LIT-OL"][2], ["ALG2-OL", "PHY-OL", "WORLD-OL", "10LIT-OL"][3]
"","57,"Angela Gray""["ALG2-H", "PHY-OL", "WORLD-AP", "10LIT-OL"][0], ["ALG2-H", "PHY-OL", "WORLD-AP", "10LIT-OL"][1], ["ALG2-H", "PHY-OL", "WORLD-AP", "10LIT-OL"][2], ["ALG2-H", "PHY-OL", "WORLD-AP", "10LIT-OL"][3]
"","58,"Timothy Green""["ALG2-H", "PHY-OL", "WORLD-OL", "10LIT-H"][0], ["ALG2-H", "PHY-OL", "WORLD-OL", "10LIT-H"][1], ["ALG2-H", "PHY-OL", "WORLD-OL", "10LIT-H"][2], ["ALG2-H", "PHY-OL", "WORLD-OL", "10LIT-H"][3]
"","59,"Cynthia Parker""["ALG2-OL", "PHY-AP1", "WORLD-OL", "10LIT-H"][0], ["ALG2-OL", "PHY-AP1", "WORLD-OL", "10LIT-H"][1], ["ALG2-OL", "PHY-AP1", "WORLD-OL", "10LIT-H"][2], ["ALG2-OL", "PHY-AP1", "WORLD-OL", "10LIT-H"][3]
"","60,"Mary Young""["ALG2-OL", "PHY-OL", "WORLD-OL", "10LIT-H"][0], ["ALG2-OL", "PHY-OL", "WORLD-OL", "10LIT-H"][1], ["ALG2-OL", "PHY-OL", "WORLD-OL", "10LIT-H"][2], ["ALG2-OL", "PHY-OL", "WORLD-OL", "10LIT-H"][3]
"","61,"Paul Evans""["ALG2-H", "PHY-OL", "WORLD-AP", "10LIT-H"][0], ["ALG2-H", "PHY-OL", "WORLD-AP", "10LIT-H"][1], ["ALG2-H", "PHY-OL", "WORLD-AP", "10LIT-H"][2], ["ALG2-H", "PHY-OL", "WORLD-AP", "10LIT-H"][3]
"","62,"Shirley James""["ALG2-OL", "PHY-OL", "WORLD-AP", "10LIT-OL"][0], ["ALG2-OL", "PHY-OL", "WORLD-AP", "10LIT-OL"][1], ["ALG2-OL", "PHY-OL", "WORLD-AP", "10LIT-OL"][2], ["ALG2-OL", "PHY-OL", "WORLD-AP", "10LIT-OL"][3]
"","63,"Jacob Baker""["ALG2-H", "PHY-OL", "WORLD-AP", "10LIT-OL"][0], ["ALG2-H", "PHY-OL", "WORLD-AP", "10LIT-OL"][1], ["ALG2-H", "PHY-OL", "WORLD-AP", "10LIT-OL"][2], ["ALG2-H", "PHY-OL", "WORLD-AP", "10LIT-OL"][3]
"","64,"Amy Sanchez""["ALG2-H", "PHY-AP1", "WORLD-OL", "10LIT-H"][0], ["ALG2-H", "PHY-AP1", "WORLD-OL", "10LIT-H"][1], ["ALG2-H", "PHY-AP1", "WORLD-OL", "10LIT-H"][2], ["ALG2-H", "PHY-AP1", "WORLD-OL", "10LIT-H"][3]
"","65,"Ashley Chavez""["ALG2-H", "PHY-AP1", "WORLD-AP", "10LIT-H"][0], ["ALG2-H", "PHY-AP1", "WORLD-AP", "10LIT-H"][1], ["ALG2-H", "PHY-AP1", "WORLD-AP", "10LIT-H"][2], ["ALG2-H", "PHY-AP1", "WORLD-AP", "10LIT-H"][3]
"","66,"Samantha Johnson""["ALG2-H", "PHY-AP1", "WORLD-AP", "10LIT-OL"][0], ["ALG2-H", "PHY-AP1", "WORLD-AP", "10LIT-OL"][1], ["ALG2-H", "PHY-AP1", "WORLD-AP", "10LIT-OL"][2], ["ALG2-H", "PHY-AP1", "WORLD-AP", "10LIT-OL"][3]
"","67,"Thomas Wilson""["ALG2-H", "PHY-AP1", "WORLD-OL", "10LIT-OL"][0], ["ALG2-H", "PHY-AP1", "WORLD-OL", "10LIT-OL"][1], ["ALG2-H", "PHY-AP1", "WORLD-OL", "10LIT-OL"][2], ["ALG2-H", "PHY-AP1", "WORLD-OL", "10LIT-OL"][3]
"","68,"Jerry Williams""["ALG2-OL", "PHY-AP1", "WORLD-AP", "10LIT-OL"][0], ["ALG2-OL", "PHY-AP1", "WORLD-AP", "10LIT-OL"][1], ["ALG2-OL", "PHY-AP1", "WORLD-AP", "10LIT-OL"][2], ["ALG2-OL", "PHY-AP1", "WORLD-AP", "10LIT-OL"][3]
"","69,"Kevin Morales""["ALG2-OL", "PHY-AP1", "WORLD-OL", "10LIT-H"][0], ["ALG2-OL", "PHY-AP1", "WORLD-OL", "10LIT-H"][1], ["ALG2-OL", "PHY-AP1", "WORLD-OL", "10LIT-H"][2], ["ALG2-OL", "PHY-AP1", "WORLD-OL", "10LIT-H"][3]
"","70,"Amy Hughes""["ALG2-H", "PHY-AP1", "WORLD-OL", "10LIT-H"][0], ["ALG2-H", "PHY-AP1", "WORLD-OL", "10LIT-H"][1], ["ALG2-H", "PHY-AP1", "WORLD-OL", "10LIT-H"][2], ["ALG2-H", "PHY-AP1", "WORLD-OL", "10LIT-H"][3]
"","71,"Jonathan Kelly""["ALG2-H", "PHY-AP1", "WORLD-OL", "10LIT-OL"][0], ["ALG2-H", "PHY-AP1", "WORLD-OL", "10LIT-OL"][1], ["ALG2-H", "PHY-AP1", "WORLD-OL", "10LIT-OL"][2], ["ALG2-H", "PHY-AP1", "WORLD-OL", "10LIT-OL"][3]
"","72,"Sarah Flores""["ALG2-OL", "PHY-OL", "WORLD-OL", "10LIT-H"][0], ["ALG2-OL", "PHY-OL", "WORLD-OL", "10LIT-H"][1], ["ALG2-OL", "PHY-OL", "WORLD-OL", "10LIT-H"][2], ["ALG2-OL", "PHY-OL", "WORLD-OL", "10LIT-H"][3]
"","73,"Edward Martin""["ALG2-H", "PHY-OL", "WORLD-OL", "10LIT-OL"][0], ["ALG2-H", "PHY-OL", "WORLD-OL", "10LIT-OL"][1], ["ALG2-H", "PHY-OL", "WORLD-OL", "10LIT-OL"][2], ["ALG2-H", "PHY-OL", "WORLD-OL", "10LIT-OL"][3]
"","74,"Justin Cruz""["ALG2-H", "PHY-OL", "WORLD-OL", "10LIT-H"][0], ["ALG2-H", "PHY-OL", "WORLD-OL", "10LIT-H"][1], ["ALG2-H", "PHY-OL", "WORLD-OL", "10LIT-H"][2], ["ALG2-H", "PHY-OL", "WORLD-OL", "10LIT-H"][3]
"","75,"Barbara Lopez""["ALG2-H", "PHY-OL", "WORLD-OL", "10LIT-H"][0], ["ALG2-H", "PHY-OL", "WORLD-OL", "10LIT-H"][1], ["ALG2-H", "PHY-OL", "WORLD-OL", "10LIT-H"][2], ["ALG2-H", "PHY-OL", "WORLD-OL", "10LIT-H"][3]
"","76,"Emily Campbell""["ALG2-OL", "PHY-AP1", "WORLD-AP", "10LIT-H"][0], ["ALG2-OL", "PHY-AP1", "WORLD-AP", "10LIT-H"][1], ["ALG2-OL", "PHY-AP1", "WORLD-AP", "10LIT-H"][2], ["ALG2-OL", "PHY-AP1", "WORLD-AP", "10LIT-H"][3]
"","77,"Virginia Kim""["ALG2-OL", "PHY-AP1", "WORLD-AP", "10LIT-H"][0], ["ALG2-OL", "PHY-AP1", "WORLD-AP", "10LIT-H"][1], ["ALG2-OL", "PHY-AP1", "WORLD-AP", "10LIT-H"][2], ["ALG2-OL", "PHY-AP1", "WORLD-AP", "10LIT-H"][3]
"","78,"Ryan Rivera""["ALG2-H", "PHY-OL", "WORLD-AP", "10LIT-OL"][0], ["ALG2-H", "PHY-OL", "WORLD-AP", "10LIT-OL"][1], ["ALG2-H", "PHY-OL", "WORLD-AP", "10LIT-OL"][2], ["ALG2-H", "PHY-OL", "WORLD-AP", "10LIT-OL"][3]
"","79,"Thomas Bailey""["ALG2-OL", "PHY-AP1", "WORLD-AP", "10LIT-OL"][0], ["ALG2-OL", "PHY-AP1", "WORLD-AP", "10LIT-OL"][1], ["ALG2-OL", "PHY-AP1", "WORLD-AP", "10LIT-OL"][2], ["ALG2-OL", "PHY-AP1", "WORLD-AP", "10LIT-OL"][3]
"","80,"Barbara Price""["ALG2-OL", "PHY-AP1", "WORLD-OL", "10LIT-OL"][0], ["ALG2-OL", "PHY-AP1", "WORLD-OL", "10LIT-OL"][1], ["ALG2-OL", "PHY-AP1", "WORLD-OL", "10LIT-OL"][2], ["ALG2-OL", "PHY-AP1", "WORLD-OL", "10LIT-OL"][3]
"","81,"Tyler Watson""["ALG2-OL", "PHY-AP1", "WORLD-OL", "10LIT-OL"][0], ["ALG2-OL", "PHY-AP1", "WORLD-OL", "10LIT-OL"][1], ["ALG2-OL", "PHY-AP1", "WORLD-OL", "10LIT-OL"][2], ["ALG2-OL", "PHY-AP1", "WORLD-OL", "10LIT-OL"][3]
"","82,"Linda Martin""["ALG2-H", "PHY-OL", "WORLD-OL", "10LIT-H"][0], ["ALG2-H", "PHY-OL", "WORLD-OL", "10LIT-H"][1], ["ALG2-H", "PHY-OL", "WORLD-OL", "10LIT-H"][2], ["ALG2-H", "PHY-OL", "WORLD-OL", "10LIT-H"][3]
"","83,"Nicholas Murphy""["ALG2-OL", "PHY-AP1", "WORLD-AP", "10LIT-OL"][0], ["ALG2-OL", "PHY-AP1", "WORLD-AP", "10LIT-OL"][1], ["ALG2-OL", "PHY-AP1", "WORLD-AP", "10LIT-OL"][2], ["ALG2-OL", "PHY-AP1", "WORLD-AP", "10LIT-OL"][3]
"","84,"Stephen Gutierrez""["ALG2-OL", "PHY-AP1", "WORLD-AP", "10LIT-OL"][0], ["ALG2-OL", "PHY-AP1", "WORLD-AP", "10LIT-OL"][1], ["ALG2-OL", "PHY-AP1", "WORLD-AP", "10LIT-OL"][2], ["ALG2-OL", "PHY-AP1", "WORLD-AP", "10LIT-OL"][3]
"","85,"Brandon Gutierrez""["ALG2-OL", "PHY-OL", "WORLD-OL", "10LIT-H"][0], ["ALG2-OL", "PHY-OL", "WORLD-OL", "10LIT-H"][1], ["ALG2-OL", "PHY-OL", "WORLD-OL", "10LIT-H"][2], ["ALG2-OL", "PHY-OL", "WORLD-OL", "10LIT-H"][3]
"","86,"Margaret Walker""["ALG2-H", "PHY-OL", "WORLD-OL", "10LIT-OL"][0], ["ALG2-H", "PHY-OL", "WORLD-OL", "10LIT-OL"][1], ["ALG2-H", "PHY-OL", "WORLD-OL", "10LIT-OL"][2], ["ALG2-H", "PHY-OL", "WORLD-OL", "10LIT-OL"][3]
"","87,"Mary Collins""["ALG2-OL", "PHY-AP1", "WORLD-AP", "10LIT-OL"][0], ["ALG2-OL", "PHY-AP1", "WORLD-AP", "10LIT-OL"][1], ["ALG2-OL", "PHY-AP1", "WORLD-AP", "10LIT-OL"][2], ["ALG2-OL", "PHY-AP1", "WORLD-AP", "10LIT-OL"][3]
"","88,"Andrew Flores""["ALG2-OL", "PHY-OL", "WORLD-AP", "10LIT-OL"][0], ["ALG2-OL", "PHY-OL", "WORLD-AP", "10LIT-OL"][1], ["ALG2-OL", "PHY-OL", "WORLD-AP", "10LIT-OL"][2], ["ALG2-OL", "PHY-OL", "WORLD-AP", "10LIT-OL"][3]
"","89,"Sharon Hall""["ALG2-H", "PHY-OL", "WORLD-OL", "10LIT-H"][0], ["ALG2-H", "PHY-OL", "WORLD-OL", "10LIT-H"][1], ["ALG2-H", "PHY-OL", "WORLD-OL", "10LIT-H"][2], ["ALG2-H", "PHY-OL", "WORLD-OL", "10LIT-H"][3]
"","90,"Cynthia Lee""["ALG2-H", "PHY-OL", "WORLD-OL", "10LIT-H"][0], ["ALG2-H", "PHY-OL", "WORLD-OL", "10LIT-H"][1], ["ALG2-H", "PHY-OL", "WORLD-OL", "10LIT-H"][2], ["ALG2-H", "PHY-OL", "WORLD-OL", "10LIT-H"][3]
"","91,"Ronald Brooks""["ALG2-OL", "PHY-AP1", "WORLD-OL", "10LIT-OL"][0], ["ALG2-OL", "PHY-AP1", "WORLD-OL", "10LIT-OL"][1], ["ALG2-OL", "PHY-AP1", "WORLD-OL", "10LIT-OL"][2], ["ALG2-OL", "PHY-AP1", "WORLD-OL", "10LIT-OL"][3]
"","92,"Alexander Long""["ALG2-OL", "PHY-OL", "WORLD-OL", "10LIT-H"][0], ["ALG2-OL", "PHY-OL", "WORLD-OL", "10LIT-H"][1], ["ALG2-OL", "PHY-OL", "WORLD-OL", "10LIT-H"][2], ["ALG2-OL", "PHY-OL", "WORLD-OL", "10LIT-H"][3]
"","93,"Catherine Adams""["ALG2-OL", "PHY-AP1", "WORLD-OL", "10LIT-OL"][0], ["ALG2-OL", "PHY-AP1", "WORLD-OL", "10LIT-OL"][1], ["ALG2-OL", "PHY-AP1", "WORLD-OL", "10LIT-OL"][2], ["ALG2-OL", "PHY-AP1", "WORLD-OL", "10LIT-OL"][3]
"","94,"Ronald Hernandez""["ALG2-H", "PHY-AP1", "WORLD-AP", "10LIT-H"][0], ["ALG2-H", "PHY-AP1", "WORLD-AP", "10LIT-H"][1], ["ALG2-H", "PHY-AP1", "WORLD-AP", "10LIT-H"][2], ["ALG2-H", "PHY-AP1", "WORLD-AP", "10LIT-H"][3]
"","95,"Anthony Ward""["ALG2-OL", "PHY-AP1", "WORLD-OL", "10LIT-H"][0], ["ALG2-OL", "PHY-AP1", "WORLD-OL", "10LIT-H"][1], ["ALG2-OL", "PHY-AP1", "WORLD-OL", "10LIT-H"][2], ["ALG2-OL", "PHY-AP1", "WORLD-OL", "10LIT-H"][3]
"","96,"Samuel Mitchell""["ALG2-OL", "PHY-AP1", "WORLD-AP", "10LIT-H"][0], ["ALG2-OL", "PHY-AP1", "WORLD-AP", "10LIT-H"][1], ["ALG2-OL", "PHY-AP1", "WORLD-AP", "10LIT-H"][2], ["ALG2-OL", "PHY-AP1", "WORLD-AP", "10LIT-H"][3]
"","97,"Michelle Hughes""["ALG2-H", "PHY-OL", "WORLD-OL", "10LIT-H"][0], ["ALG2-H", "PHY-OL", "WORLD-OL", "10LIT-H"][1], ["ALG2-H", "PHY-OL", "WORLD-OL", "10LIT-H"][2], ["ALG2-H", "PHY-OL", "WORLD-OL", "10LIT-H"][3]
"","98,"Stephen Myers""["ALG2-OL", "PHY-OL", "WORLD-AP", "10LIT-H"][0], ["ALG2-OL", "PHY-OL", "WORLD-AP", "10LIT-H"][1], ["ALG2-OL", "PHY-OL", "WORLD-AP", "10LIT-H"][2], ["ALG2-OL", "PHY-OL", "WORLD-AP", "10LIT-H"][3]
"","99,"Lisa Morales""["ALG2-H", "PHY-AP1", "WORLD-OL", "10LIT-OL"][0], ["ALG2-H", "PHY-AP1", "WORLD-OL", "10LIT-OL"][1], ["ALG2-H", "PHY-AP1", "WORLD-OL", "10LIT-OL"][2], ["ALG2-H", "PHY-AP1", "WORLD-OL", "10LIT-OL"][3]